{
    "accuracy": 0.92,
    "classification_report": {
        "0": {
            "precision": 0.8666666666666667,
            "recall": 1.0,
            "f1-score": 0.9285714285714286,
            "support": 13.0
        },
        "1": {
            "precision": 1.0,
            "recall": 0.8333333333333334,
            "f1-score": 0.9090909090909091,
            "support": 12.0
        },
        "accuracy": 0.92,
        "macro avg": {
            "precision": 0.9333333333333333,
            "recall": 0.9166666666666667,
            "f1-score": 0.9188311688311688,
            "support": 25.0
        },
        "weighted avg": {
            "precision": 0.9306666666666666,
            "recall": 0.92,
            "f1-score": 0.9192207792207792,
            "support": 25.0
        }
    },
    "confusion_matrix": [
        [
            13,
            0
        ],
        [
            2,
            10
        ]
    ]
}